taxon_id,description,organism,accession,version,sequence,references,collection_date,country,host,isolation_source,isolate,coded_by
215681,"Spike protein, partial [Canine respiratory coronavirus]",Canine respiratory coronavirus,VVV07109,VVV07109.1,AFAVIGDLKCTTVSINDVDTGAPSISTDVVDVTNGLGTYYVLDRVYLNTTLLLNGYYPTSGSTYRNMALKGTLLLSTLWFKPPFLSDFIDGVFAKVKNTKVIKDGVVYSEFPAITIGSTFVNTSYSVVVQPHTTNLDNKLQGLLEISVCQYTMCDYPHTMCHPNLGNKRIELWHWDTGVVSCLYKRNFTYDVNADYLYFHFYQEGGTFYAYFTDTGVVTKFLFHVYLGTVLSHYYVMPLTCNSAMTLEYWVTPLTFKQYLLAFNHDGVIFNAVDCKSDFMSEIKCKTLSIAPSTGVYELNGYTVQPIADVYRRIPNLPDCNIEAWLNDKSVPSPLNWERKTFSNCNFNMSSLMSFIQADSFTCNNIDAAKIYGMCFFSITIDKFAIPNGRKVDLQMGNLGYLQSFNYRIDTTATSCQLYYTLPASNVSISRFNPSIWNRRFGFTEQSVFKPQPVGVFTDHDVVYAQHCFKAPTNFCPCKLNGSLCVGSGSGIDAGYKNSGIGTCPAGTNYLTCYNANQCDCLCTPDPILSKSTGPYKCPQTKYLVGIGEHCSGLAIKSDYCGGNPCTCQPKAFLGWSVDSCLQGDRCNIFANFILHGVNSGTTCSTDLQKSNTDIILGVCVNYDLYGITGQGIFVEVNATYYNSWQNLLYDSNGNLYGFRDYLTNRTFMIRSCYSGRVSAAFHSNSSEPALLFRNIKCNYVFNNTLSRQLQPINYFDSYLGCVVNADNSTSSSVQTCDLTVGSGYCVDYSTKRRSRRSITTGYRFTNFEPFTVNSVNDSLQPVGGLYEIQIPSEFTIGNMDEFIQTSSPKVTIDCSVFVCGDYAACKSQLVEYGSFCDNINAILTEVNELLDTTQLQVADSLMNGVTLSTKLKDGFNFNVDDINFSPVLGCLGSECNKVSSRSAIEDLLFSKVKLSDVGFVDAYNNCTGGAEIRDLICVQSYNGIKVLPPLLSENQISGYTVAATFASLFPPWSAAAGVPFYLNVQYRINGIGVTMDVLSQNQKLISNAFNNALDAIQEGFDATNSALVKIQAVVNANAEALNNLLQQLSNRFGAISASLQEILSRLDALEAQAQIDRLINGRLTALNAYVSQQLSDSTLVKFSAAQAMEKVNECVKSQSSRINFCGNGNHIISLVQNAPYGLYFIHFSYVPTKYVTAKVSPGLCIAGDRGIAPKSGYFVNVNNTWMFTGSGYYYPEPITANNVVVMSTCAVNYTKAPDVMLNISTPKLPDFKEELDQWFKNQTLTAPDLSLDYINVTFLDLQDEMNRLQEAIKVLNHSYINLKDIGTYEYYVKWPWYVWLLIGLAGVAMLVLLFFICCCTGCGTSCFKKCGGCCDD,[],,,,,Canine respiratory coronavirus,LR721772.1:<1..>4011
215681,"Spike protein, partial [Canine respiratory coronavirus]",Canine respiratory coronavirus,VVV07106,VVV07106.1,AFAVIGDLKCTTVSINDVDTGAPSISTDVVDVTNGLGTYYVLDRVYLNTTLLLNGYYPTSGSTYRNMALKGTLLLSTLWFKPPFLSDFIDGVFAKVKNTKVIKDGVVYSEFPAITIGSTFVNTSYSVVVQPHTTNLDNKLQGLLEISVCQYTMCDYPHTMCHPNLGNKRIELWHWDTGVVSCLYKRNFTYDVNADYLYFHFYQEGGTFYAYFTDTGVVTKFLFHVYLGTVLSHYYVMPLTCNSAMTLEYWVTPLTFKQYLLAFNHDGVIFNAVDCKSDFMSEIKCKTLSIAPSTGVYELNGYTVQPIADVYRRIPNLPDCNIEAWLNDKSVPSPLNWERKTFSNCNFNMSSLMSFIQADSFTCNNIDAAKIYGMCFFSITIDKFAIPNGRKVDLQMGNLGYLQSFNYRIDTTATSCQLYYTLPASNVSISRFNPSIWNRRFGFTEQSVFKPQPVGVFTDHDVVYAQHCFKAPTNFCPCKLNGSLCVGSGSGIDAGYKNSGIGTCPAGTNYLTCYNANQCDCLCTPDPILSKSTGPYKCPQTKYLVGIGEHCSGLAIKSDYCGGNPCTCQPKAFLGWSVDSCLQGDRCNIFANFILHGVNSGTTCSTDLQKSNTDIILGVCVNYDLYGITGQGIFVEVNATYYNSWQNLLYDSNGNLYGFRDYLTNRTFMIRSCYSGRVSAAFHSNSSEPALLFRNIKCNYVFNNTLSRQLQPINYFDSYLGCVVNADNSTSSSVQTCDLTVGSGYCVDYSTKRRSRRSITTGYRFTNFEPFTVNSVNDSLQPVGGLYEIQIPSEFTIGNMDEFIQTSSPKVTIDCSVFVCGDYAACKSQLVEYGSFCDNINAILTEVNELLDTTQLQVADSLMNGVTLSTKLKDGFNFNVDDINFSPVLGCLGSECNKVSSRSAIEDLLFSKVKLSDVGFVDAYNNCTGGAEIRDLICVQSYNGIKVLPPLLSENQISGYTVAATFASLFPPWSAAAGVPFYLNVQYRINGIGVTMDVLSQNQKLISNAFNNALDAIQEGFDATNSALVKIQAVVNANAEALNNLLQQLSNRFGAISASLQEILSRLDALEAQAQIDRLINGRLTALNAYVSQQLSDSTLVKFSAAQAMEKVNECVKSQSSRINFCGNGNHIISLVQNAPYGLYFIHFSYVPTKYVTAKVSPGLCIAGDRGIAPKSGYFVNVNNTWMFTGSGYYYPEPITANNVVVMSTCAVNYTKAPDVMLNISTPKLPDFKEELDQWFKNQTLTAPDLSLDYINVTFLDLQDEMNRLQEAIKVLNHSYINLKDIGTYEYYVKWPWYVWLLIGLAGVAMLVLLFFICCCTGCGTSCFKKCGGCCDD,[],,,,,Canine respiratory coronavirus,LR721770.1:<1..>4011
215681,"Spike protein, partial [Canine respiratory coronavirus]",Canine respiratory coronavirus,VVV07095,VVV07095.1,AFAVIGDLKCTTVSINDVDTGAPSISTDVVDVTNGLGTYYVLDRVYLNTTLLLNGYYPTSGSTYRNMALKGTLLLSTLWFKPPFLSDFIDGVFAKVKNTKVIKDGVVYSEFPAITIGSTFVNTSYSVVVQPHTTNLDNKLQGLLEISVCQYTMCDYPHTMCHPNLGNKRIELWHWDTGVVSCLYKRNFTYDVNADYLYFHFYQEGGTFYAYFTDTGVVTKFLFHVYLGTVLSHYYVMPLTCNSAMTLEYWVTPLTFKQYLLAFNHDGVIFNAVDCKSDFMSEIKCKTLSIAPSTGVYELNGYTVQPIADVYRRIPNLPDCNIEAWLNDKSVPSPLNWERKTFSNCNFNMSSLMSFIQADSFTCNNIDAAKIYGMCFFSITIDKFAIPNGRKVDLQMGNLGYLQSFNYRIDTTATSCQLYYTLPASNVSISRFNPSIWNRRFGFTEQSVFKPQPVGVFTDHDVVYAQHCFKAPTNFCPCKLNGSLCVGSGSGIDAGYKNSGIGTCPAGTNYLTCYNANQCDCLCTPDPILSKSTGPYKCPQTKYLVGIGEHCSGLAIKSDYCGGNPCTCQPKAFLGWSVDSCLQGDRCNIFANFILHGVNSGTTCSTDLQKSNTDIILGVCVNYDLYGITGQGIFVEVNATYYNSWQNLLYDSNGNLYGFRDYLTNRTFMIRSCYSGRVSAAFHSNSSEPALLFRNIKCNYVFNNTLSRQLQPINYFDSYLGCVVNADNSTSSSVQTCDLTVGSGYCVDYSTKRRSRRSITTGYRFTNFEPFTVNSVNDSLQPVGGLYEIQIPSEFTIGNMDEFIQTSSPKVTIDCSVFVCGDYAACKSQLVEYGSFCDNINAILTEVNELLDTTQLQVADSLMNGVTLSTKLKDGFNFNVDDINFSPVLGCLGSESNKVSSRSAIEDLLFSKVKLSDVGFVDAYNNCTGGAEIRDLICVQSYNGIKVLPPLLSENQISGYTVAATFASLFPPWSAAAGVPFYLNVQYRINGIGVTMDVLSQNQKLISNAFNNALDAIQEGFDATNSALVKIQAVVNANAEALNNLLQQLSNRFGAISASLQEILSRLDALEAQAQIDRLINGRLTALNAYVSQQLSDSTLVKFSAAQAMEKVNECVKSQSSRINFCGNGNHIISLVQNAPYGLYFIHFSYVPTKYVTAKVSPGLCIAGDRGIAPKSGYFVNVNNTWMFTGSGYYYPEPITANNVVVMSTCAVNYTKAPDVMLNISTPKLPDFKEELDQWFKNQTLTAPDLSLDYINVTFLDLQDEMNRLQEAIKVLNHSYINLKDIGTYEYYVKWPWYVWLLIGLAGVAMLVLLFFICCCTGCGTSCFKKCGGCCDD,[],,,,,Canine respiratory coronavirus,LR721764.1:<1..>4011
215681,"Spike protein, partial [Canine respiratory coronavirus]",Canine respiratory coronavirus,VVV07094,VVV07094.1,AFAVIGDLKCTTVSINDVDTGAPSISTDVVDVTNGLGTYYVLDRVYLNTTLLLNGYYPTSGSTYRNMALKGTLLLSTLWFKPPFLSDFIDGVFAKVKNTKVIKDGVVYSEFPAITIGSTFVNTSYSVVVQPHTTNLDNKLQGLLEISVCQYTMCDYPHTMCHPNLGNKRIELWHWDTGVVSCLYKRNFTYDVNADYLYFHFYQEGGTFYAYFTDTGVVTKFLFHVYLGTVLSHYYVMPLTCNSAMTLEYWVTPLTFKQYLLAFNHDGVIFNAVDCKSDFMSEIKCKTLSIAPSTGVYELNGYTVQPIADVYRRIPNLPDCNIEAWLNDKSVPSPLNWERKTFSNCNFNMSSLMSFIQADSFTCNNIDAAKIYGMCFFSITIDKFAIPNGRKVDLQMGNLGYLQSFNYRIDTTATSCQLYYTLPASNVSISRFNPSIWNRRFGFTEQSVFKPQLVGVFTDHDVVYAQHCFKAPTNFCPCKLNGSLCVGSGSGIDAGYKNSGIGTCPAGTNYLTCYNANQCDCLCTPDPILSKSTGPYKCPQTKYLVGIGEHCSGLAIKSDYCGGNPCTCQPKAFLGWSVDSCLQGDRCNIFANFILHGVNSGTTCSTDLQKSNTDIILGVCVNYDLYGITGQGIFVEVNATYYNSWQNLLYDSNGNLYGFRDYLTNRTFMIRSCYSGRVSAAFHSNSSEPALLFRNIKCNYVFNNTLSRQLQPINYFDSYLGCVVNADNSTSSSVQTCDLTVGSGYCVDYSTKRRSRRSITTGYRFTNFEPFTVNSVNDSLQPVGGLYEIQIPSEFTIGNMDEFIQTSSPKVTIDCSVFVCGDYAACKSQLVEYGSFCDNINAILTEVNELLDTTQLQVADSLMNGVTLSTKLKDGFNFNVDDINFSPVLGCLGSECNKVSSRSAIEDLLFSKVKLSDVGFVDAYNNCTGGAEIRDLICVQSYNGIKVLPPLLSENQISGYTVAATFASLFPPWSAAAGVPFYLNVQYRINGIGVTMDVLSQNQKLISNAFNNALDAIQEGFDATNSALVKIQAVVNANAEALNNLLQQLSNRFGAISASLQEILSRLDALEAQAQIDRLINGRLTALNAYVSQQLSDSTLVKFSAAQAMEKVNECVKSQSSRINFCGNGNHIISLVQNAPYGLYFIHFSYVPTKYVTAKVSPGLCIAGDRGIAPKSGYFVNVNNTWMFTGSGYYYPEPITANNVVVMSTCAVNYTKAPDVMLNISTPKLPDFKEELDQWFKNQTLTAPDLSLDYINVTFLDLQDEMNRLQEAIKVLNHSYINLKDIGTYEYYVKWPWYVWLLIGLAGVAMLVLLFFICCCTGCGTSCFKKCGGCCDD,[],,,,,Canine respiratory coronavirus,LR721762.1:<1..>4011
215681,"Spike protein, partial [Canine respiratory coronavirus]",Canine respiratory coronavirus,VVV07089,VVV07089.1,AFAVIGDLKCTTVSINDVDTGAPSISTDVVDVTNGLGTYYVLDRVYLNTTLLLNGYYPTSGSTYRNMALKGTLLLSTLWFKPPFLSDFIDGVFAKVKNTKVIKDGVVYSEFPAITIGSTFVNTSYSVVVQPHTTNLDNKLQGLLEISVCQYTMCDYPHTMCHPNLGNKRIELWHWDTGVVSCLYKRNFTYDVNADYLYFHFYQEGGTFYAYFTDTGVVTKFLFHVYLGTVLSHYYVMPLTCNSAMTLEYWVTPLTFKQYLLAFNHDGVIFNAVDCKSDFMSEIKCKTLSIAPSTGVYELNGYTVQPIADVYRRIPNLPDCNIEAWLNDKSVPSPLNWERKTFSNCNFNMSSLMSFIQADSFTCNNIDAAKIYGMCFFSITIDKFAIPNGRKVDLQMGNLGYLQSFNYRIDTTATSCQLYYTLPASNVSISRFNPSIWNRRFGFTEQSVFKPQPVGVFTDHDVVYAQHCFKAPTNFCPCKLNGSLCVGSGSGIDAGYKNSGIGTCPAGTNYLTCYNANQCDCLCTPDPILSKSTGPYKCPQTKYLVGIGEHCSGLAIKSDYCGGNPCTCQPKAFLGWSVDSCLQGDRCNIFANFILHGVNSGTTCSTDLQKSNTDIILGVCVNYDLYGITGQGIFVEVNATYYNSWQNLLYDSNGNLYGFRDYLTNRTFMIRSCYSGRVSAAFHSNSSEPALLFRNIKCNYVFNNTLSRQLQPINYFDSYLGCVVNADNSTSSSVQTCDLTVGSGYCVDYSTKRRSRRSITTGYRFTNFEPFTVNSVNDSLQPVGGLYEIQIPSEFTIGNMDEFIQTSSPKVTIDCSVFVCGDYAACKSQLVEYGSFCDNINAILTEVNELLDTTQLQVADSLMNGVTLSTKLKDGFNFNVDDINFSPVLGCLGSECNKVSSRSAIEDLLFSKVKLSDVGFVDAYNNCTGGAEIRDLICVQSYNGIKVLPPLLSENQISGYTVAATFASLFPPWSAAAGVPFYLNVQYRINGIGVTMDVLSQNQKLISNAFNNALDAIQEGFDATNSALVKIQAVVNANAEALNNLLQQLSNRFGAISASLQEILSRLDALEAQAQIDRLINGRLTALNAYVSQQLSDSTLVKFSAAQAMEKVNECVKSQSSRINFCGNGNHIISLVQNAPYGLYFIHFSYVPTKYVTAKVSPGLCIAGDRGIAPKSGYFVNVNNTWMFTGSGYYYPEPITANNVVVMSTCAVNYTKAPDVMLNISTPKLPDFKEELDQWFKNQTLTAPDLSLDYINVTFLDLQDEMNRLQEAIKVLNHSYINLKDIGTYEYYVKWPWYVWLLIGLAGVAMLVLLFFICCCTGCGTSCFKKCGGCCDD,[],,,,,Canine respiratory coronavirus,LR721761.1:<1..>4011
215681,"Spike protein, partial [Canine respiratory coronavirus]",Canine respiratory coronavirus,VVV07088,VVV07088.1,AFAVIGDLKCTTVSINDVDTGAPSISTDVVDVTNGLGTYYVLDRVYLNTTLLLNGYYPTSGSTYRNMALKGTLLLSTLWFKPPFLSDFIDGVFAKVKNTKVIKDGVVYSEFPAITIGSTFVNTSYSVVVQPHTTNLDNKLQGLLEISVCQYTMCDYPHTMCHPNLGNKRIELWHWDTGVVSCLYKRNFTYDVNADYLYFHFYQEGGTFYAYFTDTGVVTKFLFHVYLGTVLSHYYVMPLTCNSAMTLEYWVTPLTFKQYLLAFNHDGVIFNAVDCKSDFMSEIKCKTLSIAPSTGVYELNGYTVQPIADVYRRIPNLPDCNIEAWLNDKSVPSPLNWERKTFSNCNFNMSSLMSFIQADSFTCNNIDAAKIYGMCFFSITIDKFAIPNGRKVDLQMGNLGYLQSFNYRIDTTATSCQLYYTLPASNVSISRFNPSIWNRRFGFTEQSVFKPQPVGVFTDHDVVYAQHCFKAPTNFCPCKLNGSLCVGSGSGIDAGYKNSGIGTCPAGTNYLTCYNANQCDCLCTPDPILSKSTGPYKCPQTKYLVGIGEHCSGLAIKSDYCGGNPCTCQPKAFLGWSVDSCLQGDRCNIFANFILHGVNSGTTCSTDLQKSNTDIILGVCVNYDLYGITGQGIFVEVNATYYNSWQNLLYDSNGNLYGFRDYLTNRTFMIRSCYSGRVSAAFHSNSSEPALLFRNIKCNYVFNNTLSRQLQPINYFDSYLGCVVNADNSTSSSVQTCDLTVGSGYCVDYSTKRRSRRSITTGYRFTNFEPFTVNSVNDSLQPVGGLYEIQIPSEFTIGNMDEFIQTSSPKVTIDCSVFVCGDYAACKSQLVEYGSFCDNINAILTEVNELLDTTQLQVADSLMNGVTLSTKLKDGFNFNVDDINFSPVLGCLGSECNKVSSRSAIEDLLFSKVKLSDVGFVDAYNNCTGGAEIRDLICVQSYNGIKVLPPLLSENQISGYTVAATFASLFPPWSAAAGVPFYLNVQYRINGIGVTMDVLSQNQKLISNAFNNALDAIQEGFDATNSALVKIQAVVNANAEALNNLLQQLSNRFGAISASLQEILSRLDALEAQAQIDRLINGRLTALNAYVSQQLSDSTLVKFSAAQAMEKVNECVKSQSSRINFCGNGNHIISLVQNAPYGLYFIHFSYVPTKYVTAKVSPGLCIAGDRGIAPKSGYFVNVNNTWMFTGSGYYYPEPITANNVVVMSTCAVNYTKAPDVMLNISTPKLPDFKEELDQWFKNQTLTAPDLSLDYINVTFLDLQDEMNRLQEAIKVLNHSYINLKDIGTYEYYVKWPWYVWLLIGLAGVAMLVLLFFICCCTGCGTSCFKKCGGCCDD,[],,,,,Canine respiratory coronavirus,LR721759.1:<1..>4011
215681,"Spike protein, partial [Canine respiratory coronavirus]",Canine respiratory coronavirus,VVV07087,VVV07087.1,AXAXXGXXKCTTVSINDVDTGAPSISTDVVDVTNGLGTYYVLDRVYLNTTLLLNGYYPTSGSTYRNMALKGTLLLSTLWFKPPFLSDFIDGVFAKVKNTKVIKDGVVYSEFPAITIGSTFVNTSYSVVVQPHTTNLDNKLQGLLEISVCQYTMCDYPHTMCHPNLGNKRIELWHWDTGVVSCLYKRNFTYDVNADYLYFHFYQEGGTFYAYFTDTGVVTKFLFHVYLGTVLSHYYVMPLTCNSAMTLEYWVTPLTFKQYLLAFNHDGVIFNAVDCKSDFMSEIKCKTLSIAPSTGVYELNGYTVQPIADVYRRIPNLPDCNIEAWLNDKSVPSPLNWERKTFSNCNFNMSSLMSFIQADSFTCNNIDAAKIYGMCFFSITIDKFAIPNGRKVDLQMGNLGYLQSFNYRIDTTATSCQLYYTLPASNVSISRFNPSIWNRRFGFTEQSVFKPQPVGVFTDHDVVYAQHCFKAPTNFCPCKLNGSLCVGSGSGIDAGYKNSGIGTCPAGTNYLTCYNANQCDCLCTPDPILSKSTGPYKCPQTKYLVGIGEHCSGLAIKSDYCGGNPCTCQPKAFLGWSVDSCLQGDRCNIFANFILHGVNSGTTCSTDLQKSNTDIILGVCVNYDLYGITGQGIFVEVNATYYNSWQNLLYDSNGNLYGFRDYLTNRTFMIRSCYSGRVSAAFHSNSSEPALLFRNIKCNYVFNNTLSRQLQPINYFDSYLGCVVNADNSTSSSVQTCDLTVGSGYCVDYSTKRRSRRSITTGYRFTNFEPFTVNSVNDSLQPVGGLYEIQIPSEFTIGNMDEFIQTSSPKVTIDCSVFVCGDYAACKSQLVEYGSFCDNINAILTEVNELLDTTQLQVADSLMNGVTLSTKLKDGFNFNVDDINFSPVLGCLGSECNKVSSRSAIEDLLFSKVKLSDVGFVDAYNNCTGGAEIRDLICVQSYNGIKVLPPLLSENQISGYTVAATFASLFPPWSAAAGVPFYLNVQYRINGIGVTMDVLSQNQKLISNAFNNALDAIQEGFDATNSALVKIQAVVNANAEALNNLLQQLSNRFGAISASLQEILSRLDALEAQAQIDRLINGRLTALNAYVSQQLSDSTLVKFSAAQAMEKVNECVKSQSSRINFCGNGNHIISLVQNAPYGLYFIHFSYVPTKYVTAKVSPGLCIAGDRGIAPKSGYFVNVNNTWMFTGSGYYYPEPITANNVVVMSTCAVNYTKAPDVMLNISTPKLPDFKEELDQWFKNQTLTAPDLSLDYINVTFLDLQDEMNRLQEAIKVLNHSYINLKDIGTYEYYVKWPWYVWLLIGLAGVAMLVLLFFICCCTGCGTSCFKKCGGCCDD,[],,,,,Canine respiratory coronavirus,LR721758.1:<1..>4011
215681,"Spike protein, partial [Canine respiratory coronavirus]",Canine respiratory coronavirus,VVV07084,VVV07084.1,AFAVIGDLKCTTVSINDVDTGAPSISTDVVDVTNGLGTYYVLDRVYLNTTLLLNGYYPTSGSTYRNMALKGTLLLSTLWFKPPFLSDFIDGVFAKVKNTKVIKDGVVYSEFPAITIGSTFVNTSYSVVVQPHTTNLDNKLQGLLEISVCQYTMCDYPHTMCHPNLGNKRIELWHWDTGVVSCLYKRNFTYDVNADYLYFHFYQEGGTFYAYFTDTGVVTKFLFHVYLGTVLSHYYVMPLTCNSAMTLEYWVTPLTFKQYLLAFNHDGVIFNAVDCKSDFMSEIKCKTLSIAPSTGVYELNGYTVQPIADVYRRIPNLPDCNIEAWLNDKSVPSPLNWERKTFSNCNFNMSSLMSFIQADSFTCNNIDAAKIYGMCFFSITIDKFAIPNGRKVDLQMGNLGYLQSFNYRIDTTATSCQLYYTLPASNVSISRFNPSIWNRRFGFTEQSVFKPQPVGVFTDHDVVYAQHCFKAPTNFCPCKLNGSLCVGSGSGIDAGYKNSGIGTCPAGTNYLTCYNANQCDCLCTPDPILSKSTGPYKCPQTKYLVGIGEHCSGLAIKSDYCGGNPCTCQPKAFLGWSVDSCLQGDRCNIFANFILHGVNSGTTCSTDLQKSNTDIILGVCVNYDLYGITGQGIFVEVNATYYNSWQNLLYDSNGNLYGFRDYLTNRTFMIRSCYSGRVSAAFHSNSSEPALLFRNIKCNYVFNNTLSRQLQPINYFDSYLGCVVNADNSTSSSVQTCDLTVGSGYCVDYSTKRRSRRSITTGYRFTNFEPFTVNSVNDSLQPVGGLYEIQIPSEFTIGNMDEFIQTSSPKVTIDCSVFVCGDYAACKSQLVEYGSFCDNINAILTEVNELLDTTQLQVADSLMNGVTLSTKLKDGFNFNVDDINFSPVLGCLGSECNKVSSRSAIEDLLFSKVKLSDVGFVDAYNNCTGGAEIRDLICVQSYNGIKVLPPLLSENQISGYTVAATFASLFPPWSAAAGVPFYLNVQYRINGIGVTMDVLSQNQKLISNAFNNALDAIQEGFDATNSALVKIQAVVNANAEALNNLLQQLSNRFGAISASLQEILSRLDALEAQAQIDRLINGRLTALNAYVSQQLSDSTLVKFSAAQAMEKVNECVKSQSSRINFCGNGNHIISLVQNAPYGLYFIHFSYVPTKYVTAKVSPGLCIAGDRGIAPKSGYFVNVNNTWMFTGSGYYYPEPITANNVVVMSTCAVNYTKAPDVMLNISTPKLPDFKEELDQWFKNQTLTAPDLSLDYINVTFLDLQDEMNRLQEAIKVLNHSYINLKDIGTYEYYVKWPWYVWLLIGLAGVAMLVLLFFICCCTGCGTSCFKKCGGCCDD,[],,,,,Canine respiratory coronavirus,LR721757.1:<1..>4011
215681,Spike protein [Canine respiratory coronavirus],Canine respiratory coronavirus,VVU96382,VVU96382.1,MFLILLISLPMAFAVIGDLKCTTVSINDVDTGAPSISTDVVDVTNGLGTYYVLDRVYLNTTLLLNGYYPTSGSTYRNMALKGTLLLSTLWFKPPFLSDFIDGVFAKVKNTKVIKDGVVYSEFPAITIGSTFVNTSYSVVVQPHTTNLDNKLQGLLEISVCQYTMCDYPHTMCHPNLGNKRIELWHWDTGVVSCLYKRNFTYDVNADYLYFHFYQEGGTFYAYFTDTGVVTKFLFHVYLGTVLSHYYVMPLTCNSAMTLEYWVTPLTFKQYLLAFNHDGVIFNAVDCKSDFMSEIKCKTLSIAPSTGVYELNGYTVQPIADVYRRIPNLPDCNIEAWLNDKSVPSPLNWERKTFSNCNFNMSSLMSFIQADSFTCNNIDAAKIYGMCFFSITIDKFAIPNGRKVDLQMGNLGYLQSFNYRIDTTATSCQLYYTLPASNVSISRFNPSIWNRRFGFTEQSVFKPQPVGVFTDHDVVYAQHCFKAPTNFCPCKLNGSLCVGSGSGIDAGYKNSGIGTCPAGTNYLTCYNANQCDCLCTPDPILSKSTGPYKCPQTKYLVGIGEHCSGLAIKSDYCGGNPCTCQPKAFLGWSVDSCLQGDRCNIFANFILHGVNSGTTCSTDLQKSNTDIILGVCVNYDLYGITGQGIFVEVNATYYNSWQNLLYDSNGNLYGFRDYLTNRTFMIRSCYSGRVSAAFHSNSSEPALLFRNIKCNYVFNNTLSRQLQPINYFDSYLGCVVNADNSTSSSVQTCDLTVGSGYCVDYSTKRRSRRSITTGYRFTNFEPFTVNSVNDSLQPVGGLYEIQIPSEFTIGNMDEFIQTSSPKVTIDCSVFVCGDYAACKSQLVEYGSFCDNINAILTEVNELLDTTQLQVADSLMNGVTLSTKLKDGFNFNVDDINFSPVLGCLGSECNKVSSRSAIEDLLFSKVKLSDVGFVDAYNNCTGGAEIRDLICVQSYNGIKVLPPLLSENQISGYTVAATFASLFPPWSAAAGVPFYLNVQYRINGIGVTMDVLSQNQKLISNAFNNALDAIQEGFDATNSALVKIQAVVNANAEALNNLLQQLSNRFGAISASLQEILSRLDALEAQAQIDRLINGRLTALNAYVSQQLSDSTLVKFSAAQAMEKVNECVKSQSSRINFCGNGNHIISLVQNAPYGLYFIHFSYVPTKYVTAKVSPGLCIAGDRGIAPKSGYFVNVNNTWMFTGSGYYYPEPITANNVVVMSTCAVNYTKAPDVMLNISTPKLPDFKEELDQWFKNQTLTAPDLSLDYINVTFLDLQDEMNRLQEAIKVLNHSYINLKDIGTYEYYVKWPWYVWLLIGLAGVAMLVLLFFICCCTGCGTSCFKKCGGCCDDYTGHQELVIKTLHDD,[],,,,,Canine respiratory coronavirus,LR721664.1:23737..27828
215681,Spike protein [Canine respiratory coronavirus],Canine respiratory coronavirus,VVU96367,VVU96367.1,MFLILLISLPMAFAVIGDLKCTTVSINDVDTGAPSISTDVVDVTNGLGTYYVLDRVYLNTTLLLNGYYPTSGSTYRNMALKGTLLLSTLWFKPPFLSDFIDGVFAKVKNTKVIKDGVVYSEFPAITIGSTFVNTSYSVVVQPHTTNLDNKLQGLLEISVCQYTMCDYPHTMCHPNLGNKRIELWHWDTGVVSCLYKRNFTYDVNADYLYFHFYQEGGTFYAYFTDTGVVTKFLFHVYLGTVLSHYYVMPLTCNSAMTLEYWVTPLTFKQYLLAFNHDGVIFNAVDCKSDFMSEIKCKTLSIAPSTGVYELNGYTVQPIADVYRRIPNLPDCNIEAWLNDKSVPSPLNWERKTFSNCNFNMSSLMSFIQADSFTCNNIDAAKIYGMCFFSITIDKFAIPNGRKVDLQMGNLGYLQSFNYRIDTTATSCQLYYTLPASNVSISRFNPSIWNRRFGFTEQSVFKPQPVGVFTDHDVVYAQHCFKAPTNFCPCKLNGSLCVGSGSGIDAGYKNSGIGTCPAGTNYLTCYNANQCDCLCTPDPILSKSTGPYKCPQTKYLVGIGEHCSGLAIKSDYCGGNPCTCQPKAFLGWSVDSCLQGDRCNIFANFILHGVNSGTTCSTDLQKSNTDIILGVCVNYDLYGITGQGIFVEVNATYYNSWQNLLYDSNGNLYGFRDYLTNRTFMIRSCYSGRVSAAFHSNSSEPALLFRNIKCNYVFNNTLSRQLQPINYFDSYLGCVVNADNSTSSSVQTCDLTVGSGYCVDYSTKRRSRRSITTGYRFTNFEPFTVNSVNDSLQPVGGLYEIQIPSEFTIGNMDEFIQTSSPKVTIDCSVFVCGDYAACKSQLVEYGSFCDNINAILTEVNELLDTTQLQVADSLMNGVTLSTKLKDGFNFNVDDINFSPVLGCLGSECNKVSSRSAIEDLLFSKVKLSDVGFVDAYNNCTGGAEIRDLICVQSYNGIKVLPPLLSENQISGYTVAATFASLFPPWSAAAGVPFYLNVQYRINGIGVTMDVLSQNQKLISNAFNNALDAIQEGFDATNSALVKIQAVVNANAEALNNLLQQLSNRFGAISASLQEILSRLDALEAQAQIDRLINGRLTALNAYVSQQLSDSTLVKFSAAQAMEKVNECVKSQSSRINFCGNGNHIISLVQNAPYGLYFIHFSYVPTKYVTAKVSPGLCIAGDRGIAPKSGYFVNVNNTWMFTGSGYYYPEPITANNVVVMSTCAVNYTKAPDVMLNISTPKLPDFKEELDQWFKNQTLTAPDLSLDYINVTFLDLQDEMNRLQEAIKVLNHSYINLKDIGTYEYYVKWPWYVWLLIGLAGVAMLVLLFFICCCTGCGTSCFKKCGGCCDDYTGHQELVIKTLHDD,[],,,,,Canine respiratory coronavirus,LR721663.1:8674..12765
215681,Spike [Canine respiratory coronavirus],Canine respiratory coronavirus,VVU96373,VVU96373.1,MFLILLISLPMAFAVIGDLKCTTVSINDVDTGAPSISTDVVDVTNGLGTYYVLDRVYLNTTLLLNGYYPTSGSTYRNMALKGTLLLSTLWFKPPFLSDFIDGVFAKVKNTKVIKDGVVYSEFPAITIGSTFVNTSYSVVVQPHTTNLDNKLQGLLEISVCQYTMCDYPHTMCHPNLGNKRIELWHWDTGVVSCLYKRNFTYDVNADYLYFHFYQEGGTFYAYFTDTGVVTKFLFHVYLGTVLSHYYVMPLTCNSAMTLEYWVTPLTFKQYLLAFNHDGVIFNAVDCKSDFMSEIKCKTLSIAPSTGVYELNGYTVQPIADVYRRIPNLPDCNIEAWLNDKSVPSPLNWERKTFSNCNFNMSSLMSFIQADSFTCNNIDAAKIYGMCFFSITIDKFAIPNGRKVDLQMGNLGYLQSFNYRIDTTATSCQLYYTLPASNVSISRFNPSIWNRRFGFTEQSVFKPQLVGVFTDHDVVYAQHCFKAPTNFCPCKLNGSLCVGSGSGIDAGYKNSGIGTCPAGTNYLTCYNANQCDCLCTPDPILSKSTGPYKCPQTKYLVGIGEHCSGLAIKSDYCGGNPCTCQPKAFLGWSVDSCLQGDRCNIFANFILHGVNSGTTCSTDLQKSNTDIILGVCVNYDLYGITGQGIFVEVNATYYNSWQNLLYDSNGNLYGFRDYLTNRTFMIRSCYSGRVSAAFHSNSSEPALLFRNIKCNYVFNNTLSRQLQPINYFDSYLGCVVNADNSTSSSVQTCDLTVGSGYCVDYSTKRRSRRSITTGYRFTNFEPFTVNSVNDSLQPVGGLYEIQIPSEFTIGNMDEFIQTSSPKVTIDCSVFVCGDYAACKSQLVEYGSFCDNINAILTEVNELLDTTQLQVADSLMNGVTLSTKLKDGFNFNVDDINFSPVLGCLGSECNKVSSRSAIEDLLFSKVKLSDVGFVDAYNNCTGGAEIRDLICVQSYNGIKVLPPLLSENQISGYTVAATFASLFPPWSAAAGVPFYLNVQYRINGIGVTMDVLSQNQKLISNAFNNALDAIQEGFDATNSALVKIQAVVNANAEALNNLLQQLSNRFGAISASLQEILSRLDALEAQAQIDRLINGRLTALNAYVSQQLSDSTLVKFSAAQAMEKVNECVKSQSSRINFCGNGNHIISLVQNAPYGLYFIHFSYVPTKYVTAKVSPGLCIAGDRGIAPKSGYFVNVNNTWMFTGSGYYYPEPITANNVVVMSTCAVNYTKAPDVMLNISTPKLPDFKEELDQWFKNQTLTAPDLSLDYINVTFLDLQDEMNRLQEAIKVLNHSYINLKDIGTYEYYVKWPWYVWLLIGLAGVAMLVLLFFICCCTGCGTSCFKKCGGCCDDYTGHQELVIKTLHDD,[],,,,,Canine respiratory coronavirus,LR721662.1:526..4617
215681,"spike protein, partial [Canine respiratory coronavirus]",Canine respiratory coronavirus,QAY30020,QAY30020.1,SYKCPQTKYLVGIGEHCSGLAIKSDYCGGNPCTCQPKAFLGWSVDSCLQGDRCNIFANFILHGINSGTTCSTDLQKSNTDIILGVCVNYDLYGITGQGIFVEVNATYYNSWQNLLYDSNGNLYGFRDYLTNRTFMIRSCYSGRVSAAFHSNSSEPALLFRNIKCNYVFNNTLSRQLQPINYFDSYLGCVVNADNSTSSSVHTCDLTVGSGYCVDYSTKRRSRRSITTGYRFTNFEPFTVNSVNDSLQPVGGLYEIQIPSEFTIGNMEEFIQTRSPKVTIDCSVFVCGDYAACKSQLVEYGSFCDNINAILTEVNELLDTTQLQVADSLMNGVTLSTKLKDGFNFNVDDINFSPVLGCLGSECNKVSSRSAIEDLLFSKVKLSDVGFVDAYNNCTGGAEIRDLICVQSYNGIKVLPPLLSENQISGYTVAATFASLFPPWSAAAGVPFYLNVQYRINGIGVTMDVLSQNQKLISNAFNNALDAIQEGFDATNSALVKIQSVVNANAEALNNLLQQLSNRFGAISASLQEILSRLDALEAQAQIDRLINGRLTALNAYVSQQLSDSTLVKFSAAQAMEKVNECVKSQSSRINFCGNGNHIISLVQNAPYGLYFIHFSYVPTKYVTAKVSPGLCIAGNRGIAPKSGYFVNVNNTWMFTGSGYYYPEPITGNNVVVMSTCAVNYTKAPDVMLNISTPKLPDFKEELDQWFKNQTLTAPDLSLDYINVTFLDLQDEMNRLQEAIKVLNHSYINLKDIGTYEYYVKWPWYVWLLIGLAGVAMLVLLFFICCCTGCGTSCFKKCGGCCDDYTGHQELVIKTLHDD,[],2016,New Zealand,Canis lupus familiaris,,NZ.046/16,MH249786.1:<4073..6529
215681,"spike protein, partial [Canine respiratory coronavirus]",Canine respiratory coronavirus,AQT26509,AQT26509.1,SLCVGSGSGIDAGYKNSGIGTCPAGTNYLTCYNANQCDCLCTPDPILSKSTGPYKCPQTKHLVGIGEHCSGLAIKSDYCGGNPCTCQPKAFLGWSVDSCLQGDRCNIFANFILHGVNSGTTCSTDLQKSNTDIILGVCVNYDLYGITGQGIFVEVNATYYNSWQNLLYDSNGNLYGFRDYLTNRTFMIRSCYSGRVSAAFHSNSSEPALLFRNIKCNYVFNNTLSRQLQPINYFDSYLGCVVNADNSTSISVQTCDLTVGSGYCVDYSTKRRSRRSITTGYRFTNFEPFTVNSVNDSLQPVGGLYEIQIPSE,[],2014,China,dog,,CRCoV/BJ-221,KX432217.1:<1..>938
215681,"spike protein, partial [Canine respiratory coronavirus]",Canine respiratory coronavirus,AQT26507,AQT26507.1,NGSLCVGSGSGIDAGYKNSGIGTCPAGTNYLTCYNANQCDCLCTPDPILSKSTGPYKCPQTKHLVGIGEHCSGLAIKSDYCGGNPCTCQPKAFLGWSVDSCLQGDRCNIFANFILHGVNSGTTCSTDLQKSNTDIILGVCVNYDLYGITGQGIFVEVNATYYNSWQNLLYDSNGNLYGFRDYLTNRTFMIRSCYSGRVSAAFHSNSSEPALLFRNIKCNYVFNNTLSRQLQPINYFDSYLGCVVNADNSTSISVQTCDLTVGSGYCVDYSTKRRSRRSITTGYRFTNFEPFTVNSVNDSLQPVGG,[],2014,China,dog,,CRCoV/BJ-34,KX432215.1:<1..>914
215681,spike protein [Canine respiratory coronavirus],Canine respiratory coronavirus,AQT26498,AQT26498.1,MFLILLISLPMAFAVIGDLKCTTASINNVDTGAPSISTDVVDVTNGLGTYYVLDRVYLNTTLLLNGYYPTSGSTYRNMALKGTLLLSTLWFKPPFLSDFIDGVFAKVKNTKVIKDGVVYSEFPAITIGSTFVNTSYSVVVQPHTTNLDNKLQGLLEISVCQYTMCDYPHTMCHPNLGNKRIELWHWDTGVVSCLYKRNFTYDVNADYLYFHFYQEGGTFYAYFTDTGVVTKFLFHVYLGTVLSHYYVMPLTCNSVMTLEYWVTPLTFKQYLLAFNQDGVIFNAVDCKSDFMSEIKCKTLSIAPSTGVYELNGYTVQPIADVYRRIPNLPDCNIEAWLNDKSVPSPLNWERKTFSNCNFNMSSLMSFIQADSFTCNNIDAAKIYGMCFSSITIDKFAIPNGRKVDLQMGNLGYLQSFNYRIDTTAISCQLYYNLPAGNVSISRFNPSIWNRRFGFTEQSVFKPQPAGVFTDHDVVYAQHCFKAPTNFCPCKLNGSLCVGSGSGIDAGYKNSGIGTCPAGTNYLTCYNANQCDCLCTPDPILSKSTGPYKCPQTKHLVGIGEHCSGLAIKSDYCGGNPCTCQPKAFLGWSVDSCLQGDRCNIFANFILHGVNSGTTCSTDLQKSNTDIILGVCVNYDLYGITGQGIFVEVNATYYNSWQNLLYDSNGNLYGFRDYLTNRTFMIRSCYSGRVSAAFHSNSSEPALLFRNIKCNYVFNNTLSRQLQPINYFDSYLGCVVNADNSTSISVQTCDLTVGSGYCVDYSTKRRSRRSITTGYRFTNFEPFTVNSVNDSLQPVGGLYEIQIPSEFTIGNMQEFIQTSSPKVTIDCSVFVCGDYAACKSQLVEYGSFCDNINAILTEVNELLDTTQLQVANSLMNGVTLSTKLKDGFNFNVDDINFSPVLGCLGSECNKVSSRSAIEDLLFSKVKLSDVGFVDAYNNCTGGAEIRDLICVQSYNGIKVLPPLLSESQISGYTVAATFASLFPPWSAAAGVPFYLNVQYRINGIGVTMDVLSQNQKLISNAFNNALDAIQEGFDATNSALVKIQAVVNANAEALNNLLQQLSNRFGAISASLQEILSRLDALEAQAQIDRLINGRLTALNAYVSQQLSDSTLVKFSAAQAMEKVNECVKSQSSRINFCGNGNHIISLVQNAPYGLYFIHFSYVPTKYVTAKVSPGLCIAGDRGIAPKSGYFVNVNNTWMFTGSGYYYPEPITGNNVVVMSTCAVNYTKAPDVMLNISTPNLPDFKEELDQWFKNQTLMAPDLSLDYINVTFLDLQDEMNRLQEAIKVLNHSYINLKDIGTYEYYVKWPWYVWLLIGLAGVAMLVLLFFICCCTGCGTSCFKKCGGCCDDYTGHQELVIKTLHDD,[],2014,China,dog,,BJ232,KX432213.1:23574..27665
215681,"spike protein, partial [Canine respiratory coronavirus]",Canine respiratory coronavirus,ABJ16386,ABJ16386.1,SDYCGGNPCTCQPKAFLGWSVDSCLQGDRCNIFANFILHGVNSGTTCSTDLQKSNTDIILGVCVNYDLYGITGQGIFVEVNATYYNSWQNLLYDSNGNLYGFRDYLTNRTFMIRSCYSGRVSAAFHSNSSEPAL,[],2005,Taiwan,,nasal swab from dog showing respiratory symptoms,CRCoV/NTU1/05,DQ983324.1:<1..>404
215681,"spike glycoprotein, partial [Canine respiratory coronavirus]",Canine respiratory coronavirus,ABG49511,ABG49511.1,TKYLVGIGEHCSGLAIKSDYCGGNPCTCQPKAFLGWSVDSCLQGDRCNIFANFILHGVNSGTTCSTDLQKSNTDIILGVCVNYDLYGITGQGIFVEVNATYYNSWQNLLYDSNGNLYGFRDYLTNRTFMIRSCYSGRVSAAFHSNSSEPALLFRNIKCNYVFNNTLSRQLQPINYFDSYLGCVVNAHNSTSSSVQTC,['17215093'],,Italy,dog,lung,240/05,DQ662401.1:<1..>595
215681,S protein [Canine respiratory coronavirus],Canine respiratory coronavirus,AFW97360,AFW97360.1,MFLILLISLPMAFAVIGDLKCTTVSINNVDTGAPSISTDVVDVTNGLGTYYVLDRVYLNTTLLLNGYYPTSGSTYRNMALKGTLLLSTLWFKPPFLSDFIDGVFAKVKNTKVIKDGVVYSEFPAITMGSTFVNTSYSVVVQPHTTNLDNKLQGLLEISVCQYTMCDYPHTMCHPNLGNKRIELWHWDTGVVSCLYKRNFTYDVNADYLYFHFYQEGGTFYAYFTDTGVVTKFLFHVYLGTVLSHYYVMPLTCNSVMTLEYWVTPLTFKQYLLAFNQDGVIFNAVDCKSDFMSEIKCKTLSIAPSTGVYELNGYTVQPIADVYRRIPNLPDCNIEAWLNDKSVPSPLNWERKTFSNCNFNMSSLMSFIQADSFTCNNIDAAKIYGMCFSSITIDKFAIPNGRKVDLQMGNLGYLQSFNYRIDTTATSCQLYYNLPAGNVSISRFNPSIWNKRFGFTEQSVFKPQPAGVFTDHDVVYAQHCFKAPTNFCPCKLNGSFCVGSGSGIDAGYKNSGIGTCPAGTNYLTCYNANQCDCLCTPDPILSKSTGPYKCPQTKHLVGIGEHCSGLAIKSDYCGGNPCTCQPKAFLGWSVDSCLQGDRCNIFANFILHGVNSGTTCSTDLQKSNTDIILGVCVNYDLYGITGQGIFVEVNATYYNSWQNLLYDSNGNLYGFRDYLTNRTFMIRSCYSGRVSAAFHSNSSEPALLFRNIKCNYVFNNTLSRQLQPINYFDSYLGCVVNADNSTSSSVQTCDLTVGSGYCVDYSTKRRSRRSITTGYRFTNFEPFTVNSVNDSLQPVGGLYEIQIPSEFTIGNMEEFIQTSSPKVTIDCSVFVCGDYAACKSQLVEYGSFCDNINAILTEVNELLDTTQLQVANSLMNGVTLSTKLKDGFNFNVDDINFSPVLGCLGSECNKVSSRSAIEDLLFSKVKLSDVGFVDAYNNCTGGAEIRDLVCVQSYNGIKVLPPLLSESQISGYTVAATFASLFPPWSAAAGVPFYLNVQYRINGIGVTMDVLSQNQKLISNAFNNALDAIQEGFDATNSALVKIQAVVNANAEALNNLLQQLSNRFGAISASLQEILSRLDALEAQAQIDRLINGRLTALNAYVSQQLSDSTLVKFSAAQAMEKVNECVKSQPSRINFCGNGNHIISLVQNAPYGLYFIHFSYVPTKYVTAKVSPGLCIAGDRGIAPKSGYFVNVNNTWMFTGSGYYYPEPITGNNVVVMSTCAVNYTKAPDVMLNISTPNLPDFKEELDQWFKNQTLMAPDLSLDYINVTFLDLQDEMNRLQEAIKVLNHSYINLKDIGTYEYYVKWPWYVWLLIGLAGVAMLVLLFFICCCTGCGTSCFKKCGGCCDDYTGHQELVIKTLHDD,['23405345'],2008,South Korea,dog,lung,K37,JX860640.1:23641..27732
215681,spike protein [Canine respiratory coronavirus],Canine respiratory coronavirus,ACX46860,ACX46860.1,MFLILLISLPMAFAVIGDLKCTTVSINNVDTGAPSISTDVVDVTNGLGTYYVLDRVYLNTTLLLNGYYPTSGSTYRNMALKGTLLLSTLWFKPPFLSDFIDGVFAKVKNTKVIKHGVVYSEFPAITIGSTFVNTSYSVVVQPHTTNLDNKLQGLLEISVCQYTMCDYPHTMCHPNLGNKRIELWHWDTGVVSCLYKRNFTYDVNADYLYFHFYQEGGTSYAYFTDTGVVTKFLFHVYLGTVLSHYYVMPLTCNSVMTLEYWVTPLTFKQYLLAFNQDGVIFNAVDCKSDFMSEIKCKTLSIAPSTGVYELNGYTVQPIADVYRRIPNLPDCNIEAWLNDKSVPSPLNWERKTFSNCNFNMSSLMSFIQADSFTCNNIDAAKIYGMCFSSITIDKFAIPNGRKVDLQMGNLGYLQSFNYRIDTTATSCQLYYNLPAGNVPISRFNPSIWNRRFGFTEQSVFKPQPAGVFTDHDVVYAQHCFKAPTNFCPCKLNGSFCVGSGSGIDAGYKNSGIGTCPAGTNYLTCYNANQCDCLCTPDPILSKSTGPYKCPQTKHLVGIGEHCSGLAIKSDYCGGNPCTCQPKAFLGWSVDSCLQGDRCNIFANFILHGVNGGTTCSTDLQKSNTDIILGVCVNYDLYGITGQGIFVEVNATYYNSWQNLLYDSNGNLYGFRDYLTNRTFMIRSCYSGRVSAAFHSNSSEPALLFRNIKCNYVFNNTLSRQLQPINYFDSYLGCVVNADNSTSSSVQTCDLTVGSGYCVDYSTKRRSRRSITTGYRFTNFEPFTVNSVNDSLQPVGGLYEIQIPSEFTIGNMEEFIQTSSPKVTIDCSVFVCGDYAACKSQLVEYGSFCDNINAILTEVNELLDTTQLQVANSLMNGVTLSTKLKDGFNFNVDDINFSPVLGCLGSECNKVSSRSAIEDLLFSKVKLSDVGFVDAYNNCTGGAEIRDLICVQSYNGIKVLPPLLSGSQISGYTVAATFASLFPPWSAAAGVPFYLNVQYRINGIGVTMDVLSQNQKLISNAFNNALDAIQEGFDATNSALVKIQAVVNANAEALNNLLQQLSNRFGAISASLQEILSRPDALEAQAQIDRLINGRLTALNAYVSQQLSDSTLVKFSAAQAMEKVNECVKSQSSRINFCGNGNHIISLVQNAPYGLYFIHFSYVPTKYVTAKVSPGLCIAGDRGIAPKSGYFVNVNNTWMFTGSGYYYPEPITGNNVVVMSTCAVNYTKAPDVMLNISTPNLPDFKEELDQWFKNQTLMAPDLSLDYINVTFLDLQDEMNRLQEAIKVLNHSYINLKDIGTYEYYVKWPWYVWLLIGLAGVAMLVLLFFICCCTGCGTSCFKKCGGCCDDYTGHQELVIKTLHDD,[],2008,South Korea,dog,lung,K39,GQ918143.1:2306..6397
215681,spike protein [Canine respiratory coronavirus],Canine respiratory coronavirus,ACX46850,ACX46850.1,MFLILLISLPMAFAVIGDLKCTTVSINNVDTGAPSISTDVVDVTNGLGTYYVLDRVYLNTTLLLNGYYPTSGSTYRNMALKGTLLLSTLWFKPPFLSDFIDGVFAKVKNTKVIKDGVVYSEFPAITMGSTFVNTSYSVVVQPHTTNLDNKLQGLLEISVCQYTMCDYPHTMCHPNLGNKRIELWHWDTGVVSCLYKRNFTYDVNADYLYFHFYQEGGTFYAYFTDTGVVTKFLFHVYLGTVLSHYYVMPLTCNSVMTLEYWVTPLTFKQYLLAFNQDGVIFNAVDCKSDFMSEIKCKTLSIAPSTGVYELNGYTVQPIADVYRRIPNLPDCNIEAWLNDKSVPSPLNWERKTFSNCNFNMSSLMSFIQADSFTCNNIDAAKIYGMCFSSITIDKFAIPNGRKVDLQMGNLGYLQSFNYRIDTTATSCQLYYNLPAGNVSISRFNPSIWNKRFGFTEQSVFKPQPAGVFTDHDVVYAQHCFKAPTNFCPCKLNGSFCVGSGSGIDAGYKNSGIGTCPAGTNYLTCYNANQCDCLCTPDPILSKSTGPYKCPQTKHLVGIGEHCSGLAIKSDYCGGNPCTCQPKAFLGWSVDSCLQGDRCNIFANFILHGVNSGTTCSTDLQKSNTDIILGVCVNYDLYGITGQGIFVEVNATYYNSWQNLLYDSNGNLYGFRDYLTNRTFMIRSCYSGRVSAAFHSNSSEPALLFRNIKCNYVFNNTLSRQLQPINYFDSYLGCVVNADNSTSSSVQTCDLTVGSGYCVDYSTKRRSRRSITTGYRFTNFEPFTVNSVNDSLQPVGGLYEIQIPSEFTIGNMEEFIQTSSPKVTIDCSVFVCGDYAACKSQLVEYGSFCDNINAILTEVNELLDTTQLQVANSLMNGVTLSTKLKDGFNFNVDDINFSPVLGCLGSECNKVSSRSAIEDLLFSKVKLSDVGFVDAYNNCTGGAEIRDLVCVQSYNGIKVLPPLLSESQISGYTVAATFASLFPPWSAAAGVPFYLNVQYRINGIGVTMDVLSQNQKLISNAFNNALDAIQEGFDATNSALVKIQAVVNANAEALNNLLQQLSNRFGAISASLQEILSRLDALEAQAQIDRLINGRLTALNAYVSQQLSDSTLVKFSAAQAMEKVNECVKSQPSRINFCGNGNHIISLVQNAPYGLYFIHFSYVPTKYVTAKVSPGLCIAGDRGIAPKSGYFVNVNNTWMFTGSGYYYPEPITGNNVVVMSTCAVNYTKAPDVMLNISTPNLPDFKEELDQWFKNQTLMAPDLSLDYINVTFLDLQDEMNRLQEAIKVLNHSYINLKDIGTYEYYVKWPWYVWLLIGLAGVAMLVLLFFICCCTGCGTSCFKKCGGCCDDYTGHQELVIKTLHDD,[],2008,South Korea,dog,lung,K37,GQ918142.1:2306..6397
215681,spike protein [Canine respiratory coronavirus],Canine respiratory coronavirus,ACX46840,ACX46840.1,MFLILLISLPMAFAVIGDLKCTTVSINNVDTGAPSISTDVVDVTNGLGTYYVLDRVYLNTTLLLNGYYPTSGSTYRNMALKGTLLLSTLWFKPPFLSDFIDGVFAKVKNTKVIKDGVVYSEFPAITIGSAFVNTSYSVVVQPHTTNLDNKLQGLLEISVCQYTMCDYPHTMCHPNLGNKRIELWHWDTGVVSCLYKRNFTYDVNADYLYFHFYQEGGTFYAYFTDTGVVTKFLFHVYLSTVLSHYYVMPLTCNSVMTLEYWVTPLTFKQYLLAFNQDGVIFNAVDCKSDFMSEIKCKTLSIAPSTGVYELNGYTVQPIADVYRRIPNLPDCNIEAWLNDKSVPSPLNWERKTFSNCNFNMSSLMSFIQADSFTCNNIDAANIYGMCFSSLTIDKFAIPNGRKVDLQMGNLGYLQSFNYRIDTTATSCQLYYNLPAGNVSISRFNPSIWNRRFGFTEQSVFKPQPAGVFTDHDVVYAQHCFKAPTNFCPCKLNGSLCVGSGSGIDAGYKNSGIGTCPAGTNYLTCYNANQCDCLCTPDPILSKSTGPYKCPQTKHLVGIGEHCSGLATKSDYCGGSPCTCQPKAFLGWSVDSCLQGDRCNIFANFILHGVNSGTTCSTDLQKSNTDIILGVCVNYDLYGISGQGIFVEVNATYYNSWQNLLYDSNGNLYGFRDYLTNRTFMIRSCYSGRVSAAFHSNSSEPALLFRNIKCNYVFNNTLSRQLQPINYFDSYLGCVVNADNSTSSSVQTCDLTVGSGYCVDYSTKRRSRRSITTGYRFTNFEPFTVNSVNDSLQPVGGLYEIQIPSEFTIGNMEEFIQTSSPKVTIDCSVFVCGDYAACKSQLVEYGSFCDNINAILTEVNELLDTTQLQVANSLMNGVTLSTKLKDGFNFNVDDINFSPVLGCLGSECNKVSSRSAIEDLLFSKVKLSDVGFVDAYNNCTGGAEIRDLICVQSYNGIKVLPPLLSESQISGYTVAATFASLFPPWSAAAGVPFYLNVQYRINGIGVTMDVLSQNQKLISNAFNNALDAIQDGFDATNSALVKIQAVVNANAEALNNLLQQLSNRFGAISASLQEILSRLDALEAQAQIDRLINGRLTALNAYVSQQLSDSTLVKFSAAQAMEKVNECVKSQSSRINFCGNGNHIISLVQNAPYGLYFIHFSYVPTKYVTAKVSPGLCIAGDRGIAPKSGYFVNVNNTWMFTGSGYYYPEPITGNNVVVMSTCAVNYTKAPDVMLNISTPNLPDFKEELDQRFKNQTLMAPDLSLDYINVTFLDLQDEMNRLQEAIKVLNHSYINLKDIGTYEYYVKWPWYVWLLIGLAGVAMLVLLFFICCCTGCGTSCFKKCGGCCDDYTGHQELVIKTLHDD,['19819086'],2008,South Korea,dog,lung,K9,GQ918141.1:2306..6397
215681,spike glycoprotein [Canine respiratory coronavirus],Canine respiratory coronavirus,AAO06124,AAO06124.1,MFLILLISLPMAFAVIGDLKCTTVSINDVDTGAPSISTDVVDVTNGLGTYYVLDRVYLNTTLLLNGYYPTSGSTYRNMALKGTLLLSTLWFKPPFLSDFIDGVFAKVKNTKVIKDGVVYSEFPAITIGSTFVNTSYSVVVQPHTTNLDNKLQGLLEISVCQYTMCDYPHTMCHPNLGNKRIELWHWDTGVVPCLYKRNFTYDVNADYLYSHFYQEGGTFYAYFTDTGVVTKFLFHVYLGTVLSHYYVMPLTCNSAMTLEYWVTPLTFKQYLLAFNQDGVIFNAVDCKSDFMSEIKCKTLSIAPSTGVYELNGYTVQPIADVYRRIPNLPDCNIEAWLNDKSVPSPLNWERKTFSNCNFNMSSLMSFIQADSFTCNNIDAAKIYGMCFFSITIDKFAIPNGRKVDLQMGNLGYLQSFNYRIDTTATSCQLYYNLPASNVSISRFNPSIWNRRFGFTEQSVFKPQPVGVFTDHDVVYAQHCFKAPTNFCPCKLNGSLCVGSGFGIDAGYKNSGIGTCPAGTNYLTCYNANQCDCLCTPDPILSKSTGPYKCPQTKYLVGIGEHCSGLAIKSDYCGGNPCTCQPKAFLGWSVDSCLQGDRCNIFANFILHGVNSGTTCSTDLQKSNTDIILGVCVNYDLYGITGQGIFVEVNATYYNSWQNLLYDSNGNLYGFRDYLTNRTFMIRSCYSGRVSAGFHSNSSEPALLFRNIKCNYVFNNTLSRQLQPINYFDSYLGCVVNADNSTSSSVQTCDLTVGSGYWGDYSTQRRSRRTITTGYRFTNFEPFTVNPVNDSLHPVGGLYEIQIPSEFTIGNMEEFIQTRSPKVTIDCPVFVCGDYAACKSQLVEYGSFCDNINAILTEVNELLDTTQLQVANSLMNGVTLSTKLKDGFNFNVDDINFSPVLGCLGSECNKVSSRSAIEDLLFSKVKLSDVGFVDAYNNCTGGAEIRDLICVQSYNGIKVLPPLLSENQISGYTLAATFASLFPPWSAAAGVPFYLNVQYRINGIGVTMDVLTQNQKLISNAFNNALDAIQEGFDATNSALVKIQAVVNANAEALNNLLQQLSNKFGAISASLQEILSRLDALEAQAQIDRLINGRLTALNAYVSQQLSDSTLVKFSAAQAMEKVNECVKSQSSRINFCGNGNHIISLVQNAPYGLYFIHFSYVPTKYVTAKVSPGLCIAGDRGIAPKSGYFVNVNNTWMFTGSGYYYPEPITGNNVVVMSTCAVNYTKAPDVMLNISTPNLPDFKEELDQWFKNQTLMAPDLSLDYINVTFLDLQDEMNRLQEAIKVLNHSYINLKDIGTYEYYVKWPWYVWLLIGLAGVAMLVLLFFICCCTGCGTSCFKKCGGCCDDYTGHQELVIKTSHDD,['12781709'],,,,,respiratory,AY150272.1:1..4092
215681,spike protein [Canine respiratory coronavirus],Canine respiratory coronavirus,ACL93320,ACL93320.1,MFLILLISLPMAFAVIGDLKCTTVSINNVDTGAPSISTDVVDVTNGLGTYYVLDRVYLNTTLLLNGYYPTSGSTYRNMALKGTLLLSTLWFKPPFLSDFIDGVFAKVKNTKVIKHGVVYSEFPAITIGSTFVNTSYSVVVQPHTTNLDNKLQGLLEISVCQYTMCDYPHTMCHPNLGNKRIELWHWDTGVVSCLYKRNFTYDVNADYLYFHFYQEGGTSYAYFTDTGVVTKFLFHVYLGTVLSHYYVMPLTCNSVMTLEYWVTPLTFKQYLLAFNQDGVIFNAVDCKSDFMSEIKCKTLSIAPSTGVYELNGYTVQPIADVYRRIPNLPDCNIEAWLNDKSVPSPLNWERKTFSNCNFNMSSLMSFIQADSFTCNNIDAAKIYGMCFSSITIDKFAIPNGRKVDLQMGNLGYLQSFNYRIDTTATSCQLYYNLPAGNVPISRFNPSIWNRRFGFTEQSVFKPQPAGVFTDHDVVYAQHCFKAPTNFCPCKLNGSFCVGSGSGIDAGYKNSGIGTCPAGTNYLTCYNANQCDCLCTPDPILSKSTGPYKCPQTKHLVGIGEHCSGLAIKSDYCGGNPCTCQPKAFLGWSVDSCLQGDRCNIFANFILHGVNGGTTCSTDLQKSNTDIILGVCVNYDLYGITGQGIFVEVNATYYNSWQNLLYDSNGNLYGFRDYLTNRTFMIRSCYSGRVSAAFHSNSSEPALLFRNIKCNYVFNNTLSRQLQPINYFDSYLGCVVNADNSTSSSVQTCDLTVGSGYCVDYSTKRRSRRSITTGYRFTNFEPFTVNSVNDSLQPVGGLYEIQIPSEFTIGNMEEFIQTSSPKVTIDCSVFVCGDYAACKSQLVEYGSFCDNINAILTEVNELLDTTQLQVANSLMNGVTLSTKLKDGFNFNVDDINFSPVLGCLGSECNKVSSRSAIEDLLFSKVKLSDVGFVDAYNNCTGGAEIRDLICVQSYNGIKVLPPLLSGSQISGYTVAATFASLFPPWSAAAGVPFYLNVQYRINGIGVTMDVLSQNQKLISNAFNNALDAIQEGFDATNSALVKIQAVVNANAEALNNLLQQLSNRFGAISASLQEILSRPDALEAQAQIDRLINGRLTALNAYVSQQLSDSTLVKFSAAQAMEKVNECVKSQSSRINFCGNGNHIISLVQNAPYGLYFIHFSYVPTKYVTAKVSPGLCIAGDRGIAPKSGYFVNVNNTWMFTGSGYYYPEPITGNNVVVMSTCAVNYTKAPDVMLNISTPNLPDFKEELDQWFKNQTLMAPDLSLDYINVTFLDLQDEMNRLQEAIKVLNHSYINLKDIGTYEYYVKWPWYVWLLIGLAGVAMLVLLFFICCCTGCGTSCFKKCGGCCDDYTGHQELVIKTLHDD,[],Jun-2008,South Korea,dog,,CRCVK39,EU983107.1:1..4092
215681,spike protein [Canine respiratory coronavirus],Canine respiratory coronavirus,ACL93319,ACL93319.1,MFLILLISLPMAFAVIGDLKCTTVSINNVDTGAPSISTDVVDVTNGLGTYYVLDRVYLNTTLLLNGYYPTSGSTYRNMALKGTLLLSTLWFKPPFLSDFIDGVFAKVKNTKVIKDGVVYSEFPAITMGSTFVNTSYSVVVQPHTTNLDNKLQGLLEISVCQYTMCDYPHTMCHPNLGNKRIELWHWDTGVVSCLYKRNFTYDVNADYLYFHFYQEGGTFYAYFTDTGVVTKFLFHVYLGTVLSHYYVMPLTCNSVMTLEYWVTPLTFKQYLLAFNQDGVIFNAVDCKSDFMSEIKCKTLSIAPSTGVYELNGYTVQPIADVYRRIPNLPDCNIEAWLNDKSVPSPLNWERKTFSNCNFNMSSLMSFIQADSFTCNNIDAAKIYGMCFSSITIDKFAIPNGRKVDLQMGNLGYLQSFNYRIDTTATSCQLYYNLPAGNVSISRFNPSIWNKRFGFTEQSVFKPQPAGVFTDHDVVYAQHCFKAPTNFCPCKLNGSFCVGSGSGIDAGYKNSGIGTCPAGTNYLTCYNANQCDCLCTPDPILSKSTGPYKCPQTKHLVGIGEHCSGLAIKSDYCGGNPCTCQPKAFLGWSVDSCLQGDRCNIFANFILHGVNSGTTCSTDLQKSNTDIILGVCVNYDLYGITGQGIFVEVNATYYNSWQNLLYDSNGNLYGFRDYLTNRTFMIRSCYSGRVSAAFHSNSSEPALLFRNIKCNYVFNNTLSRQLQPINYFDSYLGCVVNADNSTSSSVQTCDLTVGSGYCVDYSTKRRSRRSITTGYRFTNFEPFTVNSVNDSLQPVGGLYEIQIPSEFTIGNMEEFIQTSSPKVTIDCSVFVCGDYAACKSQLVEYGSFCDNINAILTEVNELLDTTQLQVANSLMNGVTLSTKLKDGFNFNVDDINFSPVLGCLGSECNKVSSRSAIEDLLFSKVKLSDVGFVDAYNNCTGGAEIRDLVCVQSYNGIKVLPPLLSESQISGYTVAATFASLFPPWSAAAGVPFYLNVQYRINGIGVTMDVLSQNQKLISNAFNNALDAIQEGFDATNSALVKIQAVVNANAEALNNLLQQLSNRFGAISASLQEILSRLDALEAQAQIDRLINGRLTALNAYVSQQLSDSTLVKFSAAQAMEKVNECVKSQPSRINFCGNGNHIISLVQNAPYGLYFIHFSYVPTKYVTAKVSPGLCIAGDRGIAPKSGYFVNVNNTWMFTGSGYYYPEPITGNNVVVMSTCAVNYTKAPDVMLNISTPNLPDFKEELDQWFKNQTLMAPDLSLDYINVTFLDLQDEMNRLQEAIKVLNHSYINLKDIGTYEYYVKWPWYVWLLIGLAGVAMLVLLFFICCCTGCGTSCFKKCGGCCDDYTGHQELVIKTLHDD,[],Jun-2008,South Korea,dog,,CRCVK37,EU983106.1:1..4092
215681,spike protein [Canine respiratory coronavirus],Canine respiratory coronavirus,ACL93318,ACL93318.1,MFLILLISLPMAFAVIGDLKCTTVSINNVDTGAPSISTDVVDVTNGLGTYYVLDRVYLNTTLLLNGYYPTSGSTYRNMALKGTLLLSTLWFKPPFLSDFIDGVFAKVKNTKVIKDGVVYSEFPAITIGSAFVNTSYSVVVQPHTTNLDNKLQGLLEISVCQYTMCDYPHTMCHPNLGNKRIELWHWDTGVVSCLYKRNFTYDVNADYLYFHFYQEGGTFYAYFTDTGVVTKFLFHVYLSTVLSHYYVMPLTCNSVMTLEYWVTPLTFKQYLLAFNQDGVIFNAVDCKSDFMSEIKCKTLSIAPSTGVYELNGYTVQPIADVYRRIPNLPDCNIEAWLNDKSVPSPLNWERKTFSNCNFNMSSLMSFIQADSFTCNNIDAANIYGMCFSSLTIDKFAIPNGRKVDLQMGNLGYLQSFNYRIDTTATSCQLYYNLPAGNVSISRFNPSIWNRRFGFTEQSVFKPQPAGVFTDHDVVYAQHCFKAPTNFCPCKLNGSLCVGSGSGIDAGYKNSGIGTCPAGTNYLTCYNANQCDCLCTPDPILSKSTGPYKCPQTKHLVGIGEHCSGLATKSDYCGGSPCTCQPKAFLGWSVDSCLQGDRCNIFANFILHGVNSGTTCSTDLQKSNTDIILGVCVNYDLYGISGQGIFVEVNATYYNSWQNLLYDSNGNLYGFRDYLTNRTFMIRSCYSGRVSAAFHSNSSEPALLFRNIKCNYVFNNTLSRQLQPINYFDSYLGCVVNADNSTSSSVQTCDLTVGSGYCVDYSTKRRSRRSITTGYRFTNFEPFTVNSVNDSLQPVGGLYEIQIPSEFTIGNMEEFIQTSSPKVTIDCSVFVCGDYAACKSQLVEYGSFCDNINAILTEVNELLDTTQLQVANSLMNGVTLSTKLKDGFNFNVDDINFSPVLGCLGSECNKVSSRSAIEDLLFSKVKLSDVGFVDAYNNCTGGAEIRDLICVQSYNGIKVLPPLLSESQISGYTVAATFASLFPPWSAAAGVPFYLNVQYRINGIGVTMDVLSQNQKLISNAFNNALDAIQDGFDATNSALVKIQAVVNANAEALNNLLQQLSNRFGAISASLQEILSRLDALEAQAQIDRLINGRLTALNAYVSQQLSDSTLVKFSAAQAMEKVNECVKSQSSRINFCGNGNHIISLVQNAPYGLYFIHFSYVPTKYVTAKVSPGLCIAGDRGIAPKSGYFVNVNNTWMFTGSGYYYPEPITGNNVVVMSTCAVNYTKAPDVMLNISTPNLPDFKEELDQRFKNQTLMAPDLSLDYINVTFLDLQDEMNRLQEAIKVLNHSYINLKDIGTYEYYVKWPWYVWLLIGLAGVAMLVLLFFICCCTGCGTSCFKKCGGCCDDYTGHQELVIKTLHDD,[],Jun-2008,South Korea,dog,,CRCVK9,EU983105.1:1..4092
215681,spike protein [Canine respiratory coronavirus],Canine respiratory coronavirus,ACL12996,ACL12996.1,MFLILLISLPMAFAVIGDLKCTTVSINDVDTGAPSISTDVVDVTNGLGTYYVLDRVYLNTTLLLNGYYPTSGSTYRNMALKGTLLLSTLWFKPPFLSDFIDGVFAKVKNTKVIKDGVVYSEFPAITIGSTFVNTSYSVVVQPHTTNLDNKLQGLLEISVCQYTMCDYPHTMCHPNLGNKRIELWHWDTGVVSCLYKRNFTYDVNADYLYFHFYQEGGTFYAYFTETGVVTKFLFHVYLGTVLSHYYVMPLTCNSAMTLEYWVTPLTFKQYLLAFNHDGVIFNAVDCKSDFMSEIKCKTLSIAPSTGVYELNGYTVQPIADVYRRIPNLPDCNIEAWLNDKSVPSPLNWERKTFSNCNFNMSSLMSFIQADSFTCNNIDAAKIYGMCFFSITIDKFAIPNGRKVDLQMGNLGYLQSFNYRIDTTATSCQLYYTLPASNVSISRFNPSIWNRRFGFTEQSVFKPQPVGVFTDHDVVYAQHCFKAPTNFCPCKLNGSLCVGSGSGIDAGYKNSGIGTCPAGTNYLTCYNANQCDCLCTPDPILSKSTGPYKCPQTKYLVGIGEHCSGLAIKSDYCGGNPCTCQPKAFLGWSVDSCLQGDRCNIFANFILHGVNSGTTCSTDLQKSNTDIILGVCVNYDLYGITGQGIFVEVNATYYNSWQNLLYDSNGNLYGFRDYLTNRTFMIRSCYSGRVSAAFHSNSSEPALLFRNIKCNYVFNNTLSRQLQPINYFDSYLGCVVNAHNSTSSSVQTCDLTVGSGYCVDYSTKRRSRRSITTGYRFTNFEPFTVNSVNDSLQPVGGLYEIQIPSEFTIGNMNEFIQTSSPKVTIDCSVFVCGDYAACKSQLVEYGSFCDNINAILTEVNELLDTTQLQVADSLMNGVTLSTKLKDGFNFNVDDINFSPVLGCLGSECNKVSSRSAIEDLLFSKVKLSDVGFVDAYNNCTGGAEIRDLICVQSYNGIKVLPPLLSESQISGYTLAATFASLFPPWSAAAGVPFYLNVQYRINGIGVTMDVLSQNQKLISNAFNNALDAIQEGFDATNSALVKIQAVVNANAEALNNLLQQLSNRFGAISASLQEILSRLDALEAQAQIDRLINGRLTALNAYVSQQLSDSTLVKFSAAQAMEKVNECVKSQSSRINFCGNGNHIISLVQNAPYGLYFIHFSYVPTKYVTAKVSPGLCIAGDRGIAPKSGYFVNVNNTWMFTGSGYYYPEPITGNNVVVMSTCAVNYTKAPDVMLNISTPNLPDFKEELDQWFKNQTLMAPDLSLDYINVTFLDLQDEMNRLQEAIKVLNHSYINLKDIGTYEYYVKWPWYVWLLIGLAGVAMLVLLFYICCCTGCGTSCFKKCGGCCDDYTGHQELVIKTLHDD,['19162098'],2005,Italy,dog,lung,240/05,EU999954.1:2306..6397
215681,spike protein [Canine respiratory coronavirus],Canine respiratory coronavirus,BAG48179,BAG48179.1,MFLILLISLPMAFAVIGDLKCTTVSINDVDTGAPSISTDVVDVTNGLGTYYVLDRVYLNTTLLLNGYYPTSGSTYRNMALKGTLLLSTLWFKPPFLSDFIDGVFAKVKNTKVIKDGVVYSEFPAITIGSTFVNTSYSVVVQPHTTNLDNKLQGLLEISVCQYTMCDYPHTMCHPNLGNKRIELWHWDTGVVSCLYKRNFTYDVNADYLYFHFYQEGGTFYAYFTDTGVVTKFLFHVYLGTVLSHYYVMPLTCNSAMTLEYWVTPLTFKQYLLAFNQDGVIFNAVDCKSDFMSEIKCKTLSIAPSTGVYELNGYTVQPIADVYRRIPNLPDCNIEAWLNDKSVPSPLNWERKTFSNCNFNMSSLMSFIQADSFTCNNIDAAKIYGMCFFSITIDKFAIPNGRKVDLQMGNLGYLQSFNYRIDTTVTSCQLYYNLPAGNVSISRFNPSIWNRRFGFTEQSVFKPQPVGVFTDHDVVYAQHCFKAPTNFCPCKLNGSLCVGSGFGIDAGYKNSGIGTCPAGTNYLTCYNANQCDCLCTPDPILSKSTGPYKCPQTKYLVGIGEHCSGLAIKSDYCGGNPCTCQPKAFLGWSVDSCLQGDRCNIFANFILHGVNSGTTCSTDLQKSNTDIILGVCVNYDLYGITGQGIFVEVNATYYNSWQNLLYDSNGNLYGFRDYVTNRTFMIRSCYSGRVSAAFHSNSSEPALLFRNIKCNYVFNNTLSRQLQPINYFDSYLGCVVNADNSTSSFVQTCDLTVGSGYCVDYSTKRRSRRSITTGYRFTNFEPFTVNSVNDSLQPVGGLYEIQIPSEFTIGNMEEFIQTSSPKVTIDCSVFVCGDYAACKSQLVEYGSFCDNINAILTEVNELLDTTQLQVANSLMNGVTLSTKLKDGFNFNVDDINFSPVLGCLGSECNKVSSRSAIEDLLFSKVKLSDVGFVDAYNNCTGGAEIRDLICVQSYNGIKVLPPLLSENQISGYTVAATFASLFPPWSAAAGVPFYLNVQYRINGIGVTMDVLSQNQKLISNAFNNALDAIQEGFDATNSALVKIQAVVNANAEALNNLLQQLSNRFGAISASLQEILSRLDALEAQAQIDRLINGRLTALNAYVSQQLSDSTLVKFSAAQAMEKVNECVKSQSSRINFCGNGNHIISLVQNAPYGLYFIHFSYVPTKYVTAKVSSGLCIAGDRGIAPKSGYFVNVNNTWMFTGSGYYYPEPITGNNVVVMSTCAVNYTKAPDVMLNISTPNLPDFKEELDQWFKNQTLMAPDLSLDYINVTFLDLQDEMNRLQEAIKVLNHSYINLKDIGTYEYYVKWPWYVWLLIGLAGVAMLVLLFFICCCTGCGTSCFKKCGGCCDDYTGHQELVIKSSHDD,['18628596'],,,,,06/075,AB370269.1:1..4092
215681,spike protein [Canine respiratory coronavirus],Canine respiratory coronavirus,ABG78748,ABG78748.1,MFLILLISLPMAFAVIGDLKCTTVSINDVDTGAPSVSTDVVDVTNGLGTYYVLDRVYLNTTLLLNGYYPTSGSIYRNMALKGTLLLSTLWFKPPFLSDFIDGVFAKVKNTKVIKDGVVYSEFPAITIGSTFVNTSYSVVVQPHTTNLDNKLQGLLEISVCQYTMCNYPHTICHPSLGNKRIELWHWDTGVVSCLYKRNFTYDVNADYLYFHFYQEGGTFYAYFTDTGVVTKFLFHVYLGTVLSHYYVMPLTCNSAMTLEYWVTPLTSKQYLLAFNQDGVIFNAVDCKSDFMSEIKCKTLSIAPSTGVYELNGYTVQPIADVYRRIPNLPDCNIEAWLNDKSVPSPLNWERKTFSNCNFNMSSLMSFIQADSFTCNNIDAAKIYGMCFFSITIDKFAIPNGRKVDLQMGNLGYLQSFNYRIDTTATSCQLYYNLPASNVSISRFNPSIWNRRFGFTEQSVFKPQPVGVFTDHDVVYAQHCFKAPTNFCPCKLNGSLCVGSGSGIDAGYKNSGIGTCPAGTNYLTCYNANQCDCLCTPDPILSKSTGPYKCPQTKYLVGIGEHCSGLAIKSDYCGGNPCTCQPKAFLGWSVDSCLQGDRCNIFANFILHGVNSGTTCSTDLQKSNTDIILGVCVNYDLYGITGQGIFVEVNATYYNSWQNLLYDSNGNLYGFRDYLTNRTFMIRSCYSGRVSAAFHSNSSEPALLFRNIKCNYVFNNTLSRQLQPINYFDSYLGCVVNADNSTSSSVQTCDLTVGSGYCVDYSTQRRSRRSITTGYRFTNFEPFTVNSVNDSLQPVGGLYEIQIPSEFTIGNMEEFIQTRSPKVTIDCSVFVCGDYAACKSQLVEYGSFCDNINAILTEVNELLDTTQLQVANSLMNGVTLSTKLKDGFNFNVDDINFSPVLGCLGSECNKVSSRSAIEDLLFSKVKLSDVGFVDAYNNCTGGAEIRDLICVQSYNGIKVLPPLLSENQISGYTLAATSASLFPRWPAAAGVPFYLNVQYRINGIGVTMDVLTQNQKLIANAFNNALDAIQEGFDATNSALVKIQAVVNANAEALNNLLQQLSNRFGAISASLQEILSRLDALEAQAQIDRLINGRLTALNAYVSQQLSDSTLVKFSAAQAMEKVNECVKSQSSRINFCGNGNHIISLVQNAPYGLYFIHFSYVPTKYVTAKVSPGLCIAGDRGIAPKSGYFVNVNNTWMFTGSGYYYPEPITGNNVVVMSTCAVNYTKAPDVMLNISTPNLPDFKEELDQWFKNQTLMAPDLSLDYINVTFLDLQDEMNRLQEAIKVLNHSYINLKDIGTFEYYVKWPWYVWLLIGLAGVAMLVLLFFICCCTGCGTSCFKKCGGCCDDYTGHQELVIKTLHDD,['17092595'],2003,United Kingdom,,whole cell lysate from infected HRT-18 cells,4182,DQ682406.1:2485..6576
215681,spike protein [Canine respiratory coronavirus],Canine respiratory coronavirus,BAE96086,BAE96086.1,MFLTLLISLPMAFAVIGDLKCTTVSINDVDTGAPSISTDVVDVTNGLGTYYVLDRVYLNTTLLLNGYYPTSGSTYRNMALKGTLLLSTLWFKPPFLSDFIDGVFAKVKNTKVIKDGVVYSEFPAITIGSTFVNTSYSVVVQPHTTNLDNKLQGLLEISVCQYTMCDYPHTMCHPNLGNKRIELWHWDTGVVSCLYKRNFTYDVNADYLYFHFYQEGGTFYAYFTDTGVVTKFLFHVYLGTVLSHYYVMPLTCNSAMTLEYWVTPLTFKQYLLAFNQDGVIFNAVDCKSDFMSEIKCKTLSIAPSTGVYELNGYTVQPIADVYRRIPNLPDCNIEAWLNDKSVPSPLNWERKTFSNCNFNMSSLMSFIQADSFTCNNIDAAKIYGMCFFSITIDKFAIPNGRKVDLQMGNLGYLQSFNYRIDTTATSCQLYYTLPASNVSISRFNPSIWNRRFGFTEQSVFKPQPVGVFTDHDVVYAQHCFKAPTNFCPCKLNGSLCVGSGSGIDAGYKNSGIGTCPAGTNYLTCYNANQCDCLCTPDPILSKSTGPYKCPQTKYLVGIGEHCSGLAIKSDYCGGNPCTCQPKAFLGWSVDSCLQGDRCNIFANFILHGVNSGTTCSTDLQKSNTDIILGVCVNYDLYGITGQGIFVEVNATYYNSWQNLLYDSNGNLYGFRDYLTNRTFMIRSCYSGRVSAAFHSNSSEPALLFRNIKCNYVFNNTLSRQLQPINYFDSYLGCVVNADNSTSSSVQTCDLTVGSGYCVDYSTKRRSRRSITTGYRFTNFEPFTVNSVNDSLQPVGGLYEIQIPSEFTIGNMDEFIQTSSPKVTIDCSVFVCGDYAACKSQLVEYGSFCDNINAILTEVNELLDTTQLQVADSLMNGVTLSTKLKDGFNFNVDDINFSPVLGCLGSECNKVSSRSAIEDLLFSKVKLSDVGFVDAYNNCTGGAEIRDLICVQSYNGIKVLPPLLSESQISGYTLAATFASLFPPWSAAAGVPFYLNVQYRINGIGVTMDVLSQNQKLISNAFNNALDAIQEGFDATNSALVKIQAVVNANAEALNNLLQQLSNRFGAISASLQEILSRLDALEAQAQIDRLINGRLTALNAYVSQQLSDSTLVKFSAAQAMEKVNECVKSQSSRINFCGNGNHIISLVQNAPYGLYFIHFSYVPTKYVTAKVSPGLCIAGDRGIAPKSGYFVNVNNTWMFTGSGYYYPEPITGNNVVVMSTCAVNYTKAPDVMLNISTPNLPDFKEELDQWFKNQTLMAPDLSLDYINVTFLDLQDEMNRLQEAIKVLNHSYINLKDIGTYEYYVKWPWYVWLLIGLAGVAMLVLLFFICCCTGCGTSCFKKCGGCCDDYTGHQELVIKTLHDD,['16825396'],,,,,Canine respiratory coronavirus,AB242262.1:1..4092
